544486302847344640,ElinaBtws," je vais taper des poses dans Lille ğŸ˜‚! Je ramÃ¨nerai mon book t'inquiÃ¨te !",1418650625000,lille,4
544469557046677504,Planete_SF,"Interstellar Un film de SF comme on en avait pas eu depuis longtemps une magnifique expÃ©rience qui nous fait... ",1418646632000,Interstellar,4
544494555257925632,WifeOfTheJoker,"Ã§a c'est moi...j'avais un milliard d'idÃ©e de trucs a faire cette hiver et lÃ  je veux les Ã©crire pour pas oublier mais plus rien me reviens",1418652592000,hiver,0
544490554340691968,GilIoweI,"Devant Kids j'adore !",1418651638000,TF1,4
544485020552146944,Emmaa_J," interstellar est encore Ã  l'affiche et y'a qu'Allah bÃ©nisse la France aussi qu'Ã  l'air cool!",1418650319000,Interstellar,4
544486282353971200,sange_17,"Post concert depression ğŸ˜³ğŸ˜³",1418650620000,concert,0
544481138803482624,marylonelyness,"jsors de la cantine j'ai filÃ© au mcdo avec les gonz",1418649394000,cantine,2
544506045444653056,CapitalOneCA,"Bon matin et bonne semaine Ã  tous! On est ici pour rÃ©pondre Ã  vos questions pour le restant de la journÃ©e.",1418655332000,matin,4
544459946382073857,caluminex,"c trop deg la cantine",1418644341000,cantine,0
544479333210140672,phfrei,"Visite de l'Expo Star Wars identities Ã  ",1418648963000,Star Wars,2
544484578258587648,Swer_CDF,"Interstellar c'est une claque avec une chevaliÃ¨re",1418650214000,Interstellar,2
544495509160079360,Maxiime_28,"Je suis toujours persuadÃ© que c'est Miss CÃ´te d'Azur qui aurait du gagner le concours Miss France ! ",1418652820000,france,2
544506396835069952,Chlo_Lav," nan c'est demain matin :)",1418655416000,matin,2
544458969012764672,CelyaSL,"j'vais essayer de plus trop manger Ã  la cantine l'annÃ©e pro",1418644108000,cantine,2
544495455519129600,Daniel_Jerome44,"Droit Ã  l'oubli sur internet. Google a reÃ§u X X demandes en France ",1418652807000,france,2
544467671409254400,Kvin_Krewyo,"Bon ben cette semaine pas de tournoi de  et  pour moi au  parce que j'ai partiels les lendemains Ã  Xh",1418646183000,HearthStone,2
544481490202275840,drugxofzaynx,"je sais plus quand je dois aller chercher mes rÃ©sultats d'examen en fait",1418649477000,Examen,2
544495108687949825,celinetexane13," merci pr tt ces instants de bonheur ... il y a X ans j ai fais le tour de france pr vs suivre en concert souvenir intact...",1418652724000,france,4
544469213776457728,Tangawiss_350,"A la cantine ctai bad pas bon sa mÃ¨re",1418646550000,cantine,0
544506437410779136,rodeniall,"c'Ã©tait trop bien le sport ce matin avec clara coli n mathis paul juju",1418655425000,matin,4
544457915135193088,kaitosoka,"Femme musulmane:il faudrait que toute les Ã©coles fassent une cantine halal.Ma rÃ©ponse:cest du racisme envers les autres religion et pas laÃ¯c",1418643857000,cantine,0
544497198491521024,VictorCoulet,"Mais on est mÃªme pas encore en hiver c nimp",1418653223000,hiver,0
544483194880663552,alexandrebdrj,"DerniÃ¨re semaine d'examen puis vacances avec le BAFA et les fÃªtes! ğŸ“šğŸ„ğŸ…ğŸ‰ ",1418649884000,Examen,4
544502805680365568,tchitchilax,"Envie de changÃ© ma couleur de cheveux ..ğŸ˜",1418654559000,couleur,2
544465855929933824,AgatheCharp,"J'irais bien le revoir une troisiÃ¨me fois <X ",1418645750000,Interstellar,4
544506341105360896,VidaaLocaaw,"ce matin elle m'a montrÃ© une photo d'elle wallah une grosse barre jm'en suis pas remise mddrr cette folle",1418655402000,matin,4
544474604425986048,NawelLas,"Je suis ko en plus a la cantine jai juste manger du pain et deux yaourt...",1418647836000,cantine,0
544481510179745792,Prince_Ethiopia,"La plÃ©iade Du Bellay Ronsard CollÃ¨ge Ã  Paris Langue franÃ§aise. Examen de demain :(",1418649482000,Examen,2
544458660156833792,BeaucousinM,"Je vais manger a la cantine",1418644034000,cantine,2
544474999571378177,JabouletHugo,"Putain d'examen",1418647930000,Examen,0
544457020502716416,Noemie_hrl,"Trop long cette putain de cantine !!! ğŸ”«ğŸ”«ğŸ”«",1418643643000,cantine,0
544493924342333440,illoult," Cantine implique cuisine indus implique prÃ©sence de chalumeau ! ",1418652442000,cantine,2
544499389776277505,Celebriante," Oui pour la Nouvelle ZÃ©lande en tout cas je prÃ©fÃ¨re le printemps Ã  l'hiver. =p",1418653745000,hiver,4
544477505542160384,AlicexCvlr,"Demain j'ai Xh d'examen et puis c'est finiğŸš¶",1418648527000,Examen,2
544498709657296896,rihslxt,"en vrai c'est trop laid les srunoms que vous donnez a rih juste pour la couleur de ses cheveux mdrrr brownanna redanna blackanna greyanna",1418653583000,couleur,0
544492077179228160,lafederationEI," Lille confie son marchÃ© de l'Ã©clairage Ã  Cofely et Citeos     via ",1418652002000,lille,2
544483754379866112,drugxofnarry,"Demain j'ai examen d'histoire c'est la merde ğŸ˜©",1418650017000,Examen,0
544463755300847616,Poppy_Vagabonde,"La cantine du boulot de mon pÃ¨re c'est degeulasse",1418645249000,cantine,0
544480334231134209,Brendakeenv,"Marre de rÃ©vise pfff !!! Vivement que je passe mon examen",1418649202000,Examen,0
544481091730804736,NourVsTheWorld," Ouais je voulais voir interstellar a Megarama mais c'est trop loin pour Kalpo",1418649382000,Interstellar,0
544505319792332801,lea_helmer,"Horminelle elle m'a fait pleins de bisous ce matin ğŸ˜ğŸ˜",1418655159000,matin,4
544491846454771712,LaaurieBia,"Cherche Ã¢me charitable pour me payer le concert des Maroon X  voilÃ  voilÃ ",1418651947000,concert,2
544483166502019072,SarahFrouin,"DerniÃ¨re semaine d'examen. Enfin..",1418649877000,Examen,4
544506258745999360,Darlan_Irie,"Jagged Edge_ Getting Over You je l'ai dans la tÃªte depuis ce matin merde",1418655383000,matin,0
544492752004984835,estouiiille,"J'espere que les repartirons en tournÃ©e et repasserons en France ! C'etait tellement genial comme concert ğŸ‘Œ ",1418652162000,concert,4
544505632112783360,valentinemsr,"En plus c'est chiant parce que le matin on dirait un hÃ©risson alors que avant je me coiffais pas.",1418655233000,matin,0
544482382070710272,NinaPinto3,"J'ai pas mon permis jfais dÃ©jÃ  taxi chercher le dossier d'une emmener les autres passer leur examen... ğŸ‘ŠğŸš–",1418649690000,Examen,2
544460705186189312,LuCiE08500,"A croire qu'il n'y a jamais eu un meilleur repas que aujourd'hui Ã  la cantine mdr",1418644522000,cantine,4
544483788437594112,mrs_tmlnsn,"je ss sortie dla cantine en courant j'avais trp envie de vomir j'ai pas pu atteindre les toilettes jme ss cachÃ©e et j'ai vomi ds ls fleurs",1418650025000,cantine,0
544488882046525440,nicoyoda," Perso je n est jamais pris de taxi sur lille vue la taille de la ville. Je trouve que la concurrence est bien pour les consommateurs",1418651240000,lille,4
544499654877257728,kingsIouis,"j'm'ennuie tellement que j'ai fait mes ongles une main de chaque couleur ma vie est triste",1418653808000,couleur,0
544498865819627520,pascaledelaport,"Chaque femme doit avoir du rose dans sa garde robe C'est la couleur du bonheur Christian Dior TrÃ¨s belle aprÃ¨s midi ",1418653620000,couleur,4
544495638260776960,bizzlefox,"justin Ã©tait mieux blond et chatain au lieu de cette couleur citron",1418652851000,couleur,0
544489442799788034,Poupette_and_Co,"Ah ben enfin !!! (Mon premier cadeau de fin d'annÃ©e au boulot)",1418651373000,cadeau,4
544504961233870849,meufdu94_,"hier encore tu l'applai mon frÃ¨ro mais s'matin tu lui tirai dessus",1418655073000,matin,0
544492521288925184,Margaux_W1,"Terminer Ã  Xh mais devoir rentrer Ã  Xh parce que on paye pas la cantine pour rien nous! :((",1418652107000,cantine,0
544488514189262848,ssgmcc,"J'ai de la chance quand mÃªme purÃ©e jsuis contente quoi puree",1418651152000,chance,4
544474559463047169,xvkgirl,"A vrais dire mon examen de science je n'ai rien compris Ã  sque je dois etudierğŸ˜",1418647825000,Examen,0
544483176845152256,Chichaam28," ah t'as encore examen alors :/",1418649880000,Examen,2
544489081674432512,invadeed," Du coup je dois repasser mes Ã©preuves du Bac de franÃ§ais en redoublant pour avoir la chance d'Ãªtre prise.",1418651287000,chance,0
544501655740641281,BeMyHomeBoy,"J'accepterai d'Ãªtre une blinger Ã  nouveau quand Jonghyun aura une couleur de cheveux normale. J'en peux plus de ce gris/jaune/caca d'oie.",1418654285000,couleur,0
544458884287827968,MiniFrebault,"Petite engueulade Ã  la cantine",1418644088000,cantine,0
544478520219807745,QuentinHNCK,"AprÃ¨s mon examen de ce matin faut que je bouge la. Marre de rester assi le cul sur une chaise",1418648769000,Examen,0
544499899560374272,Remi_Chouchou,"Pour le premier jour de l'hiver je veux juste de la neige â„.",1418653867000,hiver,2
544458285068210177,DirkPuype,"Notre cantine !!!! C'est top comme d'habitude !! Merci ",1418643945000,cantine,4
544484974817468416,AvenantePassion," : La Russie envisage de se doter de sa propre station spatiale STAR WARS",1418650308000,Star Wars,2
544464339810680832,m_vidal333,"A la cantine c'Ã©tait trop bon aujourd'hui !ğŸ˜±ğŸ™ˆ",1418645388000,cantine,4
544458558654644224,Kenya971,"Je me suis fais virer de la cantine ğŸ˜“ j'ai mÃªme pas plus fini de manger ğŸ˜’",1418644010000,cantine,0
544493841722933248,P0oudipouda,"Pensez-a moi et surtout profitez pour moi ! Et si quelqu'un veut m'appeller pendant le concert  je ne dit pas non ! ^__^ ",1418652422000,concert,4
544466323032793088,Fresh__95,"Actuellement au rÃ©fectoire de la cantine",1418645861000,cantine,2
544456703182647296,Margot_Lafolie,"Je suis comme une merde Ã  l'entrÃ©e de la cantine parce que j'ai pas ma carte",1418643568000,cantine,0
544508281134145536,little_pearl_,"mon pc beug trop quand je viens sur twitter c'est hyper chiant",1418655865000,twitter,0
544498762606194688,Ville_Brossard," Voici la liste des parcs avec pour chacun d'eux les activitÃ©s Ã  faire sur place. Amusez-vous bien ! ",1418653595000,hiver,4
544493637753925632,Ertilink,"MEEERDE Ils sont en concert le X janvier Ã  Paris et les places sont dÃ©jÃ  toutes rÃ©servÃ©es! Ma vie est foutue :'(",1418652374000,concert,0
544492858326401024,LLOYDLWT,"Enfin bref j'ai revue zayn  liam  niall et harry encore plus prÃ¨s qu'au concert donc j'Ã©tais quand mÃªme super contente",1418652188000,concert,4
544499360432943104,MnkNi,"Et actuellement - je ne sais plus si je vous l'ai dÃ©jÃ  dit - je lis La Couleur des sentiments de Kathryn Stockett. Touchante histoire.",1418653738000,couleur,4
544487838260400128,AudreyPoiraud,"Hier soir j'ai pu rÃ©aliser le rÃªve de ma petite soeur de vous voir en concert ! Des Ã©toiles pleins les yeux ! Merciiiiii !!!! ",1418650991000,concert,4
544479065768747008,IlonaLevy,"Ptn encore un examen et puis fini ! ğŸ˜",1418648899000,Examen,4
544464393401274370,InesLocos,"Ã€ la cantine",1418645401000,cantine,2
544474481914560512,BertilleDrv,"Je commence ma semaine d'examen ac statistique et la fini ac mise Ã  niveau maths sans oublier biologie en plein milieu. Il veulent ma mort.",1418647806000,Examen,0
544484265824907264,GilIoweI,"Je reste sans voix ! J'ai Ã©tÃ© trÃ¨s Ã©mu pas ce que j'ai vu et entendu au stade de Lille ce soir avec  et  Du",1418650139000,lille,4
544462714836647936,didine1759,"Ã€ la cantine on se fait bz quand on croit avoir commandÃ© un panini au Nutella alors que c'est de la pÃ¢te Ã  tartiner degueu ğŸ˜’",1418645001000,cantine,0
544501715412979712,LindaOra_,"Si j'aime bien une voiture mais pas sa couleur Cest mort je l'achÃ¨te pasğŸ˜",1418654299000,couleur,0
544492400845283328,DahliaRJM,"Plus le temps passe et plus je me rends compte que tout le X est allÃ© au concert de Tokio Hotel en X Ã  Monaco comme moi x)",1418652079000,concert,2
544494057670868993,hedifranco,"Ã‡a me fait du mal quand je voit des sdf l'hiver dehors alors que moi je vais rentrer manger comme je veux et dormir au chaud les pauvre ğŸ˜”",1418652474000,hiver,0
544485656484122624,illoult,"Bien sÃ»r  les coupes budgÃ©taires  les saloperies type ANR  la vente de lâ€™universitÃ© aux patrons  etc. donnent des envies de poser des bombes",1418650471000,universitÃ©,0
544505436427534336,marion_guilbert,"Mon chÃ©ri il m'a quittÃ© ce matin bah il me manque dÃ©jÃ ",1418655187000,matin,0
544496090108944386,cedrichauptlin,"La bouffe de la cantine m'a rendu malade :/",1418652958000,cantine,0
544487506574856192,amazingfrancois," interstellar l'un des meilleurs film de cette annÃ©es",1418650912000,Interstellar,4
544466693041692673,Louiscoornaert,"  Dommage il pourrais Ãªtre bien avec une combo charge. Mais a par avec le nouveau robot je vois pas comment.",1418645949000,HearthStone,0
544498412029509632,MieuxVivre_fr,"Faut-il se supplÃ©menter en vitamine D l'hiver ? Ã©",1418653512000,hiver,2
544498977237127168,melaniedegoy,"Plaza Andorra HÃ´tels la chambre Ã  partir de Xâ‚¬ cet hiver ",1418653647000,hiver,2
544491454648033281,Pouki_Master," Tu sera quand mÃªme au concert jeudi soir ? ;)",1418651853000,concert,2
544458811969638401,CelyaSL,"la cantine j'aime plus trop y aller c'est chiant",1418644070000,cantine,0
544473016521220096,SmileyTrains," TrÃ¨s pratique la carte de cantine utilisable Ã  Paris-Est ou Noisy ! Rechargeable CB Chq EspÃ¨ces plus besoin de monnaie. :-)",1418647457000,cantine,4
544480106178441216,xsmileofniallx,"La cantine cest grv bien aussi mdrr en plus jai un badge invitÃ© du coup jpaye pas",1418649147000,cantine,4
544468342242025473,Bangellam,"J'ai envie de vomir tellement c'est dÃ©gelasse a la cantine !",1418646343000,cantine,0
544456727924834304,Yasmimine_,"Ã€ la cantine c'Ã©tait dÃ©gueulasse j'ai envie d'vomir ğŸ˜·",1418643574000,cantine,0
544482423208411137,Detta90s,"Mon prof a oubliÃ© qu'il y a examen ğŸ˜‚ğŸ˜‚",1418649700000,Examen,4
544463986713190400,kedabi_,"Il est bien interstellar",1418645304000,Interstellar,4
544469993791160320,hitszniall,"c'Ã©tait deg Ã  la cantine",1418646736000,cantine,0
544493565616070656,Quim_mrt,"J'ai un putain de coup de soleil   je suis plus rouge qu'une tomate -- ",1418652356000,soleil,0
544481767869390848,JmRoxor,"Une sortie digne de l'empereur !    // cc  ",1418649544000,HearthStone,4
544504602117570560,Chighjump,"en plus j'ai pas cours avant mercredi matin :'(",1418654988000,matin,0
544459583264399361,MonsieurbackPH,"Je suis actuellement a la cantine",1418644254000,cantine,2
544480565769302016,huuimang,"Demain j'ai examen de physique j'pleure ptn T.T",1418649257000,Examen,0
544494773176791042,catwomanParis,"Angela Merkel plÃ©biscitÃ©e par les FranÃ§ais: Â  Â  Â  X % des FranÃ§ais auraient une bonne opinion de la chanceliÃ¨... ",1418652644000,france,4
544468308926668800,TONYYKTAMER,"Je me suis mis a Hearthstone cest vraiment un jeu genial le nombre de tactique et de choix et enormes et j'suis loin de toutes les connaitre",1418646335000,HearthStone,4
544494934112616448,Pipant_Mot,"Avec la pilule et l'IVG la France a dÃ©cidÃ© de ne plus faire les enfants elle-mÃªme. Elle a trouvÃ© plus pratique de les importer.",1418652683000,france,0
544495331850067968,Didovsh," la couleur est Top !",1418652778000,couleur,4
544488301844250625,ninaddict,"Ohh la chance une fille qui tient un compte tumblr de Nina l'a rencontrÃ©e ğŸ˜­ğŸ˜­",1418651101000,chance,4
544491885772152832,Lumyko,"C'est pas facile de se remettre Ã  Ã©tudier aprÃ¨s avoir Ã©tÃ© au concert de hier. It was awesome !",1418651956000,concert,4
544505386469175296,borismeyer,"J'appel la prÃ©fecture ce matin ils disent qu'il faut appeler l'aprÃ¨s-midi. J'appel donc l'aprÃ¨s-midi et je vous laisse deviner la suite...",1418655175000,matin,0
544484700904235009,Alexx_Dfr,"Haha y'a tout les consultants Ã  la cantine",1418650243000,cantine,2
544475622227968000,nAtAsNVZ,"J'aime une vidÃ©o  de Â - Tournois Hearthstone - X Euros pour le gagnant ",1418648078000,HearthStone,4
544490240535457792,MusicalBreath,"Je regrette d'avoir achetÃ© une place pour od en voyant les comportements de gamines qu'on les meufs qui vont au concert.",1418651564000,concert,0
544506293831364608,Nosferalis,"Le sujet de philo de ce matin Ã©tait La vÃ©ritÃ© scientifique est-elle relative? ",1418655391000,matin,2
544489427155050497,AnthO0ony59," pour passer un moment magique avec vous tous. Le plus beau cadeau de NOÃ‹L ğŸ„ğŸ",1418651370000,cadeau,4
544495481788047360,_Meelissa__,"Mais je sais pas quel couleur",1418652813000,couleur,2
544482983781363713,gomdori612," he non.. en fait j'en ai juste un  examen  et tu veux savoir le pire?... QCM.. X minutes. ......",1418649833000,Examen,0
544494991368658944,AlineMalinemali," je n'est toujours pas reÃ§u mon kit :/",1418652696000,france,0
544461888206413824,clifford954,"Chui a la cantine g encore faim",1418644804000,cantine,0
544505372267266048,emaalns," Ton message de soutien de ce matin est officiellement dÃ©crÃ©dibilisÃ©......",1418655171000,matin,0
544496938750836736,JxrdanL,"L'hiver Ã§a a un sÃ©rieux effet niveau comportement je te jure",1418653161000,hiver,2
544493623833034752,Martav69,"Premier jour de vacance j'ai la crÃ¨ve et y'a un beau soleil dehors ğŸ˜©",1418652370000,soleil,2
544494213585707008,GilIoweI,"D'habitude je n'aime pas la couleur rouge mais lÃ  je trouve que Ã§a lui va Ã  merveille ! Elle sera mienne ;)",1418652511000,couleur,4
544482401767149568,MarionCaza,"Faire Xh de route aller-retour pour Xmin d'examen.. ",1418649695000,Examen,0
544461700704239618,AmbreVigreux,"J'ai glisser comme une merde dans la cantine ğŸ˜‚ğŸ˜‚ğŸ˜‚",1418644759000,cantine,0
544505777218912257,Nikal83,"J'essaye depuis ce matin de faire une vanne avec la Saint Ninon et le jeu du Ni oui Ni non je n'arrive Ã  rien je suis une merde.",1418655268000,matin,0
544505983930994688,Valentiine__,"Vivement demain matin pour que je retrouve les petits ğŸ‘ŒğŸ’•",1418655317000,matin,4
544485185627373568,illoult,"sup  de la recherche et de lâ€™universitÃ© ne veut Ã  mon avis rien dâ€™autre que de conserver son fonctionnement affreusement rance.",1418650358000,universitÃ©,0
544483293211942912,PtiiteChOuupi,"Examen toute cette semaine",1418649907000,Examen,2
544457795618488320,Dreams_Latina,"J'aime pas les gens qui mange tout seul a la cantine",1418643828000,cantine,0
544468624514506752,nopainnogainlp,"Quand y'a des pates Ã  la cantine j'suis heureux c'est le seul truc mangeableğŸ˜",1418646410000,cantine,4
544471559260618752,OceaneLve_,"Pour une fois j'ai bien manger c'midi Ã  la cantine ğŸ‘Œ",1418647110000,cantine,4
544502391220219904,GoldieSarahh," c'est parfait j'adore le style lÃ©ger Ã©purÃ© sans que ce soit chargÃ© de couleur",1418654461000,couleur,4
544495238505840640,aliciialpz,"Ville resto plaisir d'hiver patinoire anniversaire de la mama prÃ©parer mon sac pour chez papa",1418652755000,hiver,2
544502763758309376,HyemiAe,"J'ai mon partiel de civil jeudi mais pour le moment ma plus grande prÃ©occupation est de savoir quelle couleur de vernis je vais mettre ğŸ˜…",1418654549000,couleur,2
544482237358800897,Platypusmile_,"L'examen va commencer et j'ai comme une douce envie de vomir c'est plutÃ´t agrÃ©able.",1418649656000,Examen,0
544464966242566145,AlzQuentin_,"C'Ã©tait bien degelasse la cantine",1418645538000,cantine,0
544498606125088768,GilbertNutier," vive la montagne ! j'aime bien la montagne en Ã©tÃ© comme en hiver ; c'est la belle nature qui compte ;",1418653558000,hiver,4
544504740449910784,CeliaatTiffanys," par contre rÃ©pondez-moi avant demain matin.",1418655021000,matin,2
544504545460899840,Maxime_pelerin," mais bon vu que ce matin j'ai cartonnÃ© Ã§a va",1418654974000,matin,4
544488025842253824,Anaskinny07," A la cantine il y en a pas.. Je mange du pain italien ce soir ğŸ’ª",1418651036000,cantine,2
544468389725745152,learamp,"La cantine Ã§a devient nul tin",1418646354000,cantine,0
544504766794305536,NekooowWho,"Bon j'ai encore envie de dormir.. J'vais le garder pour ce soir.. Je veux voir la rÃ©action de ma mÃ¨re.. DÃ©jÃ  elle m'a engueulÃ© ce matin..",1418655027000,matin,0
544505897465434114,AxelleSrvj,"Se matin on auras bien rigolerğŸ˜‚",1418655297000,matin,4
544480812490838016,Julien_Lacaze," l'expo Star Wars Ã©tait cool mais au final elle valait clairement pas autant ! Je boycott l'expo !",1418649316000,Star Wars,0
544462311910834176,NiaallsWife,"on a bouffÃ© des frites Ã  midi Ã  la cantine et du coup les fringues puent !",1418644905000,cantine,0
544459163863371776,lucieambr,"mais a la cantine on mange du caca wsh",1418644154000,cantine,0
544495645231689728,Hirsute_," Meeeeh du coup t'as une jolie couleur de peau c:",1418652852000,couleur,4
544503908106645504,Tangjacques,"Un peu de couleur par cette grisaille n'a jamais fait de mal Ã  personne au contraire ! VoilÃ  deux belles... ",1418654822000,couleur,4
544478809270272000,MauroWantier,"Avec seulement X questions l'examen de franÃ§ais Ã§a va Ãªtre chaud moi je te le dis en plus je sais mÃªme pas faut Ã©tudier quoi",1418648838000,Examen,0
544493052069691392,fanph94," bravo a vs ...le concert a paris etait vraiment genial ...big up a tt les artistes et techniciens de la tournÃ©e ...",1418652234000,concert,4
544491409378902017,bibi13lps," dispo mercredi soir pour un concert au Trabendo avec une place pour un de tes potes?",1418651842000,concert,2
544485443652554752,MaroK1FRY692,"UniversitÃ© lumiÃ¨re Lyon X non pas payÃ©e la facture smois ci   coupure budgÃ©taire oblige . ffff",1418650420000,universitÃ©,0
544492850185244672,CarlaGuibert," J'aime ton sens de l'humour mon petit Jackounet",1418652186000,humour,4
544496982279348224,VogueParis,"Lucia Pica prend les rÃªnes de la crÃ©ation maquillage de la maison de couture. ",1418653171000,couleur,2
544505963336986626,kaeont,"Bon matin Ã  tous. J'Ã©coute la bande sonore de Home Alone X: Lost in New York... Mon film du temps des fÃªtes prÃ©fÃ©rÃ© :-)",1418655312000,matin,4
544489589948559360,Tendresse_fleur,"Ouf Ã§a y'es j'ai fini de faire le cadeau de noÃ«l pour mon amoureux â™¥",1418651409000,cadeau,4
544505597258129409,Herbburn_,"L'autre qui me rÃ©veil Ã  Xh du matin en me soufflant de la fumÃ© dans la gueule tien tu veux fumÃ©? aha j'cÃ´toie que des fous! <X",1418655225000,matin,0
544494703396552704,respect2lavie," sur le fond la France s'est enrichie de plusieurs grands hÃ©ritages religieux et philosophiques tous Ã  respecter ",1418652628000,france,4
544504848839102464,valou_Lahlah,"RÃ©troviseur cassÃ© dÃ¨s le matin ğŸ˜¡....",1418655047000,matin,0
544489121667108864,nalou_v,"Lola elle a trop de chance ğŸ˜ğŸ˜",1418651297000,chance,4
544479759405940736,AvenantePassion,"Bizarrement j'ai hÃ¢te de voir ce jeudi au cinÃ©ma. :)",1418649065000,Interstellar,4
544488843249205248,TsT_TryRoX," FÃ©licitation Ã  lui il a vraiment beaucoup de chance !",1418651231000,chance,4
544504535071608832,stev_btn,"Allez partiel demain matin un autre mercredi soir et.... VACANCES ! ğŸ‰ğŸ‘Œ",1418654972000,matin,4
544494760925593600,LavakyMohamed,"(Momo-Inf@) Le Sionisme ruine la France Ã  petit feu les franÃ§ais vont tombÃ©s de haut mais ce sera trop tard pour se plaindre !",1418652641000,france,0
544470979469398017,TeddyMonAl_,"La cantine c'est pas bon",1418646971000,cantine,0
544495174001623041,JetournepasROND,"Pourquoi POURQUOI les stars renois se blanchissent-elles la peau? Elles veulent pas Ãªtre fiÃ¨re de leur couleur de peau? c un mauvais exemple",1418652740000,couleur,0
544489596248420352,AnaHEWolf,"Ah bah enfin un concert en France pour Maroon X !",1418651410000,concert,4
544476909246377984,TheMoonxxx," j'ai examen demain donc je dois connaitre tout mais .. Voila ğŸ˜ Ã§a fait deux ans que j'ai dÃ©crocher et j'ai tt oubliÃ© ğŸ˜Š",1418648385000,Examen,0
544487106664747010,laurencedu53," un immense merci pour votre concert Ã  rennes  que du bonheur de vous entendre  vous voir  de partager ces moments <X",1418650816000,concert,4
544477063278002176,abdominido," ouiiiiiii ğŸ˜ . AprÃ¨s celle de Star Wars ce sera parfait !!!",1418648422000,Star Wars,4
544474522293112832,sbiti_,"J'ai bien passÃ© mon examen \o/",1418647816000,Examen,4
544489592678670337,FatMat91HD," C'est surtout que les investisseurs en ont rien Ã  foutre de Lille  un club quelconque",1418651409000,lille,0
544502071094157312,Hyacinthe__," Ah du coup j'aime bien mais surtout comme sur la Xe photo quand la couleur du piercing se confond presque avec la peau",1418654384000,couleur,4
544469655977725953,ns_clement,"Pause apre la cantine du losc âœŒï¸",1418646656000,cantine,2
544506044253499393,TaylorHarvest,"Il pleut depuis ce matin",1418655332000,matin,2
544481020494757888,ribeirosalia,"En + demain je dois aller rattraper mon examen que j'avais ratÃ©",1418649365000,Examen,2
544506420805513216,KiinoiizS,"Ce matin j'shui venue des miroir jusqu'au lycÃ©e a pied ! J'ai trop la rage !",1418655421000,matin,0
544483977990766592,DirectLille,"Lille. Thomas Desbonnet  disparu le jour de son anniversaire  reste introuvable ",1418650071000,lille,0
544486732818046976,_neednobody,"voilÃ   vidÃ©o sur le concert :)",1418650727000,concert,2
544489571904671744,Micalista," hÃ¢te de le recevoir ! Encore merci pour le cadeau de NoÃ«l ! :D",1418651404000,cadeau,4
544470964096872448,HearthShow,"Trolden revient sur des moments de jeu mÃ©morables en vidÃ©o: Trolden nous gÃ¢te avec une nouvelle vidÃ©o de momen... ",1418646968000,HearthStone,4
544504143302627328,GilIoweI,"D'habitude je n'aime pas la couleur rouge mais lÃ  je trouve que Ã§a lui va Ã  merveille ! Elle sera mienne ;)",1418654878000,couleur,4
544508223190224896,laurette88700,"A disneyland Ã§a caille bordel ",1418655851000,twitter,0
544500740098887680,CamilleSinelle,"Bon. Si la couleur rouge de mon manteau ne vous revient pas la voie pour aller vous faire voir est tout prÃªt.",1418654067000,couleur,0
544473286621814784,melthefrenchie_,"On a eu des frites Ã  la cantine c'est pas souvent! :D",1418647522000,cantine,4
544505308341878784,Novaaish," Vous vous levez tÃ´t le matin ? FÃ©licitations vous remportez la mÃ©daille d'or olympique.",1418655156000,matin,4
544458479394897920,clemis78,"J'hÃ©site a prendre des bÃ©quilles pour passer en premiÃ¨re Ã  la cantine ğŸ˜ğŸ˜",1418643991000,cantine,2
544480894560776192,ToyzMag," le plus grand chasseur de primes de arrive chez ! ",1418649335000,Star Wars,4
544480618495868929,Brendakeenv,"MÃªme si je suis pressÃ© de passÃ© mon examen mais je suis comme mÃªme stresse . Ã©",1418649270000,Examen,0
544505602555535361,carenes,"oÃ¹ tu es coincÃ©e Ã  Paris jusqu'Ã  l'arrivÃ©e de ta mÃ¨re demain matin parce que ton chat est malade intoxiquÃ© avec une plante verte ",1418655226000,matin,0
544488433226625024,DemonDeath60," GG mec t'as trop de chance !",1418651133000,chance,4
544482993742815233,_BelieberJ1994,"Demain j'ai examen de math Ã§a me saoule j'dois Ã©tudier Ã  fond psq y aura peut Ãªtre des dÃ©finitions Justin Bieber",1418649836000,Examen,0
544460634205978624,andrea_p02,"Aujrd amina elle est tombÃ©e dans les escaliers et elle a oubliÃ© son sac dans la cantine mdrrr",1418644505000,cantine,0
544475721499181056,PriskaEden,"Y avait des Ã©pinards Ã  la cantine wsh !",1418648102000,cantine,2
544492158129283073,atlantic2,"Denis Verron () est Ã  la cantine !",1418652021000,cantine,2
544508265846296576,Nico_Favreau,"Elle est juste trop belle ğŸ˜ ",1418655861000,twitter,4
544498109666308096,Kevin_Guev,"Je sens que cette hiver le froid va me fatiguer",1418653440000,hiver,0
544490916703387649,ternpropymer64," fc Coupe de France de football : le grand soir de Lille Sud  pour lâ€™exploit et contre les prÃ©jug ",1418651725000,lille,4
544479870399823872,Sassou_YG,"J'ai examen dans XhX mais je suis devant Top Model USA en pyjama ğŸ˜",1418649091000,Examen,2
544463198293090304,Loiicah,"La bouf a la cantine c'est telmnt dÃ©gueux ğŸ˜",1418645116000,cantine,0
544488127734509568,Lauradelevingne,"Putain un concert des Maroons X c'est tout c'que j'attendais dans ma vie",1418651060000,concert,4
544503375761788928,afleurdepeaubio," Couleur Caramel le maquillage des Stars... Coffret en rÃ©duction pour NoÃ«l !",1418654695000,couleur,2
544486058088742913,Leonnidos,"J'aimais dÃ©jÃ  Lana Del Rey avant le concert Ã  L'Olympia alors aprÃ¨s... Bah je vis Ã  peu prÃ¨s la mÃªme histoire avec Christine & The Queens !",1418650566000,concert,4
544502694174785537,LIZTHROP,"J'ai les cheveux couleur cuivre c grave bo",1418654533000,couleur,4
544503168600920064,Nawapmac,"Par contre vos papiers cadeaux couleur carton pour NoÃ«l c'est moche ! Il est passÃ© ou le beau papier rouge ? Ã«l ",1418654646000,couleur,0
544479533156823040,Comamanel," J'espÃ¨re au moins que l'examen se passe/s'est passÃ© bien ^^",1418649011000,Examen,4
544494383710879744,Hyde_78300,"Cherche fesses chaudes pour rechauffer mes mains cet hiver. Dm si interesser ğŸ˜‚",1418652551000,hiver,2
544503096450486272,InesBambina,"Les meuf brune matte de peau (ou couleur clementine) avec du rouge a levres svp arretez c pour vous jdis sa et pour notre vu",1418654629000,couleur,0
544493314108825600,DUCDESLOMBARDS,"Andrea Motis et Joan Chamorro seront en concert demain  Ã  Xh et Xh... Une belle soirÃ©e vous attend ! ",1418652296000,concert,4
544503898233663488,Camouune,"Grosse envie de changer de couleur de cheveux",1418654820000,couleur,2
544489003815567360,vieuxbouc_," Je note bonne chance! :v",1418651269000,chance,4
544483306335899649,Sanctuc0," y a aussi Star Wars The Force Unleashed X dans la catÃ©gorie suite dÃ©cevante",1418649910000,Star Wars,0
544505617747296256,xDemiley___," mais c'est vrai.. Tu sais que le jour ou tu nous a rejoins le matin mÃªme le pote Ã  Lucie a dit que t'Ã©tais trop belle!",1418655230000,matin,4
544489999962738688,fiftynineradio,"Bon aprÃ¨s midi au son de la radio pop  news and sports du Grand Nord !    ",1418651506000,lille,4
544480847500685312,Loni_76,"J'ai un examen en anglais de X heure ğŸ˜±",1418649324000,Examen,2
544501484084551680,_fran_cois,"Quinze heures trente. La nuit tombe. Je hais l'heure d'hiver. ",1418654244000,hiver,0
544467389526867969,Lena_payo,"Avec ZoÃ© loelia NoÃ©mie on doit nettoyÃ© toute la cantine sm!",1418646116000,cantine,0
544486830239129602,P0w0L," Ouais jcomprend bien  mais dans d'autres ville comme Lille je pense ca doit clairement achever les taxis !",1418650751000,lille,0
544489071008284672,AnassFellali,"distance distance donne moi une chance",1418651285000,chance,2
544505397823160320,lesnuitsombres,"dÃ©jÃ  ce matin j'ai du courir pour avoir mon mÃ©tro c Ã§a ma vie -____-",1418655177000,matin,0
544479945180073984,BabyGrandey,"j'dois Ã©tudier pour mon examen d'eco demain mais j'ai la flemme :///",1418649109000,Examen,0
544504337062694913,shagshag," pendant un temps le rose Ã©tait une couleur portÃ©e que par les hommes par exemple ",1418654925000,couleur,2
544506404976205824,ToBeOrNotThobie,"Ã‡a fais du bien une sieste d'XhX quand on s'est levÃ© Ã  XhX ce matin ğŸ˜",1418655418000,matin,4
544500941253517312,carburator418," je trouve la couleur DÃ©gueux. Ont ils diff couleurs. Merci Ã  l'avance",1418654115000,couleur,0
544488998551715840,gulumsetenben,"La chance Ã§a n'existe pas.",1418651268000,chance,2
544456961459499008,Baddie_Anais,"J'suis a la cantine j'suis bader",1418643629000,cantine,0
544505726522363904,AlexWiizzle,"Mais c'est mardi jeudi et samedi matin ğŸ˜",1418655256000,matin,2
544466899103645696,Meuuuuh,"J'ai l'impression d'avoir passÃ© mon annÃ©e avec Matthew McConaughey: en X j'ai vu Dallas Buyers Club True Detective et Interstellar...",1418645999000,Interstellar,2
544466459544809473,shine_kuyo,"Mdr cantine",1418645894000,cantine,4
544500100895371264,santadenn," Mais je le referais bien en hiver :)",1418653915000,hiver,4
544486905614958592,elili63," trop hÃ¢te de te voir en concert en plus je serais dans la fosse or trop contente!!! tu verras les Clermontois c les meilleures!",1418650769000,concert,4
544488806272225280,PornStarLover35," C'est fait... Bonne chance ma chÃ©rie ğŸ’•",1418651222000,chance,4
544495233703366656,Anaskinny07,"Grosse culpabilitÃ© a cause du repas de la cantine qui Ã©tait a plus de X calories ! X PUTAIN !",1418652754000,cantine,0
544486139076575232,PriissouL," Ã  Lille demain soir ? Raaaaa dommage que je commence tot mercredi :-(",1418650586000,lille,0
544489474542305280,shivasdemons," ya intÃ©rÃªt sinon y restera plus rien pr ton cadeau d'anniversaire bb",1418651381000,cadeau,0
544466094241873920,adrienmoussours,"Je suis toujours seul le lundi a la cantine :/ il mange tous a Xh",1418645807000,cantine,0
544492893923471360,Les4Fromages,"Le soleil ce lÃ¨vera avec ou sans toi .",1418652196000,soleil,2
544474761779486720,Ambre_Snk,"Ptdr il y a une meuf qui m'a cherchÃ©e Ã  la cantine.",1418647873000,cantine,2
544506054802165761,manoneccleston,"Putain comment j'ai rien foutu au dc ce matin ğŸ˜”",1418655334000,matin,0
544500123733331968,b_popi,"L'hiver va Ãªtre long... ğŸ˜¢",1418653920000,hiver,0
544478485041782784,AciiDTV,"J'aime une vidÃ©o  de Â - HearthStone GvG : UnXd - Mage [LÃ©gende FR] ",1418648761000,HearthStone,4
544494758383849472,LEGENRA,"FranÃ§ois LOOS ancien Ministre est Ã©lu Ã  lâ€™unanimitÃ© PrÃ©sident de Brasseurs de France!",1418652641000,france,2
544484981004054528,AllianceS_E,"FÃ©licitations Ã  Philippe Marquis  Ã©tudiant-athlÃ¨te Ã  la TÃ©luq - L'universitÃ©. Aujourd'hui.  pour sa superbe... ",1418650310000,universitÃ©,4
